Timestamp,ECG Value,LO+ Status,LO- Status,ECG_Clean,Time,R_Peak,Q_Peak,S_Peak,T_Peak,P_Peak,P-R Interval,Q-T Interval,S-T Interval
1.6341328620910645,363.0,0.0,0.0,363.0064502802903,0.0,0,0,0,0,1,,,
1.7418746948242188,355.0,0.0,0.0,353.3365565869132,0.004,0,0,0,0,0,,,
1.836294412612915,344.0,0.0,0.0,345.7836910499382,0.008,0,0,0,0,0,,,
1.930872201919556,342.0,0.0,0.0,341.6296903537303,0.012,0,0,0,0,0,,,
2.009010076522827,340.0,0.0,0.0,340.8470757001146,0.016,0,0,0,0,0,,,
2.087620496749878,343.0,0.0,0.0,342.2778858498661,0.02,0,0,0,0,0,,,
2.165756702423096,345.0,0.0,0.0,344.39747899789245,0.024,0,0,0,0,0,,,
2.259726047515869,347.0,0.0,0.0,346.1780907755789,0.028,0,0,0,0,0,,,
2.337899208068848,346.0,0.0,0.0,347.4603359293065,0.032,0,0,0,0,0,,,
2.4160821437835693,349.0,0.0,0.0,348.62730631022896,0.036,0,0,0,0,0,,,
2.49420428276062,349.0,0.0,0.0,349.9370847203322,0.04,0,0,0,0,0,,,
2.58884596824646,352.0,0.0,0.0,351.09603528700165,0.044,0,0,0,0,0,,,
2.698700428009033,351.0,0.0,0.0,351.3806228112491,0.048,0,0,0,0,0,,,
2.792451858520508,351.0,0.0,0.0,350.1441907738424,0.052,0,0,0,0,0,,,
2.8709115982055664,347.0,0.0,0.0,347.2789300761673,0.056,0,0,0,0,0,,,
2.950416326522827,343.0,0.0,0.0,343.29088534417025,0.06,0,0,0,0,0,,,
3.0359790325164795,339.0,0.0,0.0,338.95534255841784,0.064,0,0,0,0,0,,,
3.107693910598755,335.0,0.0,0.0,334.80004451582096,0.068,0,0,0,0,0,,,
3.202641725540161,330.0,0.0,0.0,330.7458813418903,0.072,0,0,0,0,0,,,
3.2965569496154785,326.0,0.0,0.0,326.13323613848104,0.076,0,0,0,0,0,,,
3.407345533370972,321.0,0.0,0.0,320.15842256895,0.08,0,0,0,0,0,,,
3.5014281272888184,313.0,0.0,0.0,312.4837165379771,0.084,0,0,0,0,0,,,
3.5868725776672363,304.0,0.0,0.0,303.6030978594896,0.088,0,0,0,0,0,,,
3.679025173187256,292.0,0.0,0.0,294.68468836395704,0.092,0,0,0,0,0,,,
3.7682793140411377,288.0,0.0,0.0,287.0423524600797,0.096,0,0,0,0,0,,,
3.8464787006378174,283.0,0.0,0.0,281.6379724116228,0.1,0,0,0,0,0,,,
3.9250433444976807,281.0,0.0,0.0,278.7494653914292,0.104,0,0,0,0,0,,,
4.003044366836548,274.0,0.0,0.0,277.6184203087272,0.108,0,0,0,0,0,,,
4.08319878578186,274.0,0.0,0.0,276.2323726654607,0.112,0,0,0,0,0,,,
4.144122362136841,270.0,0.0,0.0,272.08309774786034,0.116,0,0,0,0,0,,,
4.2227044105529785,268.0,0.0,0.0,264.41959154965883,0.12,0,0,0,0,0,,,
4.301561594009399,268.0,0.0,0.0,256.6165901598287,0.124,0,0,0,0,0,,,
4.379115581512451,257.0,0.0,0.0,255.54478308791076,0.128,0,0,0,0,0,,,
4.457290887832642,257.0,0.0,0.0,266.23779522991526,0.132,0,0,0,0,0,,,
4.535427093505859,250.0,0.0,0.0,285.2724060122852,0.136,0,0,0,0,0,,,
4.61458945274353,317.0,0.0,0.0,300.24125396295267,0.14,0,0,0,0,0,,,
4.708817005157471,362.0,0.0,0.0,298.6354723419482,0.144,0,0,0,0,0,,,
4.78693437576294,235.0,0.0,0.0,278.91787717644337,0.148,0,0,0,0,0,,,
4.88158130645752,235.0,0.0,0.0,252.3373534752864,0.152,0,0,0,0,0,,,
4.975171327590942,238.0,0.0,0.0,233.6021131591539,0.156,0,0,0,0,0,,,
5.06888484954834,242.0,0.0,0.0,230.34335042604428,0.16,0,0,0,0,0,,,
5.163078546524048,245.0,0.0,0.0,240.48322664178187,0.164,0,0,0,0,0,,,
5.241205215454102,251.0,0.0,0.0,256.6351736020034,0.168,0,0,0,0,0,,,
5.334986686706543,266.0,0.0,0.0,271.32272938948176,0.172,0,0,0,0,0,,,
5.428714275360107,283.0,0.0,0.0,279.6792797525916,0.176,0,0,0,0,0,,,
5.522457122802734,286.0,0.0,0.0,280.27227337506326,0.18,0,0,0,0,0,,,
5.616565227508545,272.0,0.0,0.0,275.03260599832,0.184,0,0,0,0,0,,,
5.7107994556427,265.0,0.0,0.0,268.05985164169454,0.188,0,0,0,0,0,,,
5.804531097412109,264.0,0.0,0.0,263.37744941421363,0.192,0,0,0,0,0,,,
5.88308310508728,263.0,0.0,0.0,262.9371362458553,0.196,0,0,0,0,0,,,
5.961252927780151,267.0,0.0,0.0,266.17724588094194,0.2,0,0,0,0,0,,,
6.039442300796509,272.0,0.0,0.0,271.1186278484414,0.204,0,0,0,0,0,,,
6.132669925689697,276.0,0.0,0.0,275.89866434967166,0.208,0,0,0,0,0,,,
6.211272716522217,278.0,0.0,0.0,279.6850188197531,0.212,0,0,0,0,0,,,
6.289485454559326,284.0,0.0,0.0,282.67065276862724,0.216,0,0,0,0,0,,,
6.367608308792114,285.0,0.0,0.0,285.51963637669377,0.22,0,0,0,0,0,,,
6.461273431777954,288.0,0.0,0.0,288.7878729132099,0.224,0,0,0,0,0,,,
6.539429426193237,294.0,0.0,0.0,292.62601980696326,0.228,0,0,0,0,0,,,
6.618466854095459,296.0,0.0,0.0,296.8084637141162,0.232,0,0,0,0,0,,,
6.69711446762085,301.0,0.0,0.0,300.9694560239077,0.236,0,0,0,0,0,,,
6.790838003158569,305.0,0.0,0.0,304.87964640303727,0.24,0,0,0,0,0,,,
6.876161098480225,309.0,0.0,0.0,308.6244309462507,0.244,0,0,0,0,0,,,
6.963403224945068,313.0,0.0,0.0,312.5786430637603,0.248,0,0,0,0,0,,,
7.041410207748413,316.0,0.0,0.0,317.13886918680805,0.252,0,0,0,0,0,,,
7.120240926742554,322.0,0.0,0.0,322.3504754144147,0.256,0,1,0,0,0,,,
7.214066505432129,329.0,0.0,0.0,327.7247108122674,0.26,0,0,0,0,0,,,
7.292086362838745,332.0,0.0,0.0,332.4535739150994,0.264,0,0,0,0,0,,,
7.385864496231079,334.0,0.0,0.0,335.9455451382277,0.268,0,0,0,0,0,,,
7.464052677154541,341.0,0.0,0.0,338.3749204080398,0.272,0,0,0,0,0,,,
7.542169570922852,343.0,0.0,0.0,340.8107939575752,0.276,0,0,0,0,0,,,
7.636819839477539,343.0,0.0,0.0,344.5061087833999,0.28,0,0,0,0,0,,,
7.715397357940674,347.0,0.0,0.0,349.4609269716613,0.284,0,0,0,0,0,,,
7.793490648269653,350.0,0.0,0.0,353.452405949779,0.288,0,0,0,0,0,,,
7.887684106826782,350.0,0.0,0.0,353.2190233762059,0.292,0,0,0,0,0,,,
7.9658122062683105,359.0,0.0,0.0,348.029733173656,0.296,0,0,0,0,0,,,
8.05955958366394,351.0,0.0,0.0,342.833408928704,0.3,0,0,0,0,0,,,
8.153914451599121,353.0,0.0,0.0,346.4921087053339,0.304,0,0,0,0,0,,,
8.232006311416626,353.0,0.0,0.0,363.8289973275895,0.308,0,0,0,0,0,,,
8.326277017593384,281.0,0.0,0.0,387.8631880980784,0.312,0,0,0,0,0,,,
8.420027256011963,572.0,0.0,0.0,402.2900990936303,0.316,1,0,0,0,1,0.316,0.14800000000000002,0.07200000000000001
8.498148441314697,349.0,0.0,0.0,395.11979949695416,0.32,0,0,0,0,0,,,
8.59177279472351,335.0,0.0,0.0,370.0610912697846,0.324,0,0,0,0,0,,,
8.670952320098877,338.0,0.0,0.0,343.06113833392124,0.328,0,0,0,0,0,,,
8.76512336730957,341.0,0.0,0.0,328.5970743335079,0.332,0,0,1,0,0,,,
8.858873844146729,340.0,0.0,0.0,330.38486508791965,0.336,0,0,0,0,0,,,
8.938916683197021,342.0,0.0,0.0,342.7370312895359,0.34,0,0,0,0,0,,,
9.0326828956604,349.0,0.0,0.0,357.04978961450405,0.344,0,0,0,0,0,,,
9.111377477645874,365.0,0.0,0.0,366.6948558553803,0.348,0,0,0,0,0,,,
9.205098628997805,378.0,0.0,0.0,368.8329377255458,0.352,0,0,0,0,0,,,
9.298847198486328,364.0,0.0,0.0,364.4462948406458,0.356,0,0,0,0,0,,,
9.376971006393433,351.0,0.0,0.0,357.1424965852713,0.36,0,0,0,0,0,,,
9.470722436904907,351.0,0.0,0.0,350.8735478851451,0.364,0,0,0,0,0,,,
9.564876556396484,348.0,0.0,0.0,347.7937310733803,0.368,0,0,0,0,0,,,
9.64344334602356,351.0,0.0,0.0,347.76295591724613,0.372,0,0,0,0,0,,,
9.737688779830933,350.0,0.0,0.0,349.4952278993389,0.376,0,0,0,0,0,,,
9.831462860107422,350.0,0.0,0.0,351.9194581242333,0.38,0,0,0,0,0,,,
9.909918785095217,353.0,0.0,0.0,354.60000953137967,0.384,0,0,0,0,0,,,
10.00358247756958,359.0,0.0,0.0,357.3614587682969,0.388,0,0,0,0,0,,,
10.088246822357178,361.0,0.0,0.0,359.92243850517127,0.392,0,0,0,0,0,,,
10.1607403755188,360.0,0.0,0.0,361.9203876410351,0.396,0,0,0,0,0,,,
10.254250288009644,364.0,0.0,0.0,363.1099931839425,0.4,0,0,0,0,0,,,
10.332375288009644,364.0,0.0,0.0,363.4585499352499,0.404,0,0,0,1,0,,,
10.410532236099243,362.0,0.0,0.0,363.09633694631816,0.408,0,0,0,0,0,,,
10.50428295135498,363.0,0.0,0.0,362.1978239154205,0.412,0,0,0,0,0,,,
10.582942724227903,360.0,0.0,0.0,360.8828465455898,0.416,0,0,0,0,0,,,
10.661540031433104,360.0,0.0,0.0,359.218668856206,0.42,0,0,0,0,0,,,
10.74044632911682,357.0,0.0,0.0,357.3232667567799,0.424,0,0,0,0,0,,,
10.818575143814089,356.0,0.0,0.0,355.44935333239323,0.428,0,0,0,0,0,,,
10.905117511749268,354.0,0.0,0.0,353.90240592220016,0.432,0,0,0,0,0,,,
10.976136684417725,352.0,0.0,0.0,352.78608756839697,0.436,0,0,0,0,0,,,
11.069910526275637,351.0,0.0,0.0,351.8037738997787,0.44,0,0,0,0,0,,,
11.148241758346558,350.0,0.0,0.0,350.4503034056133,0.444,0,0,0,0,0,,,
11.226360321044922,351.0,0.0,0.0,348.6461318775212,0.448,0,0,0,0,0,,,
11.305060625076294,349.0,0.0,0.0,347.25704633400454,0.452,0,0,0,0,0,,,
11.398786306381226,348.0,0.0,0.0,347.6217229094536,0.456,0,0,0,0,0,,,
11.476938009262083,347.0,0.0,0.0,349.90633037742646,0.46,0,0,0,0,0,,,
11.557604312896729,344.0,0.0,0.0,351.6750419297888,0.464,0,0,0,0,0,,,
11.634242296218872,347.0,0.0,0.0,348.9865962885855,0.468,0,0,0,0,0,,,
11.728522539138794,354.0,0.0,0.0,340.7028555128815,0.472,0,0,0,0,0,,,
11.806649923324583,345.0,0.0,0.0,332.67536777682136,0.476,0,1,0,0,0,,,
11.900909185409546,341.0,0.0,0.0,335.9031767715562,0.48,0,0,0,0,0,,,
11.97910737991333,342.0,0.0,0.0,356.679534367046,0.484,0,0,0,0,0,,,
12.05725884437561,267.0,0.0,0.0,386.5710506472489,0.488,0,0,0,0,0,,,
12.13596534729004,590.0,0.0,0.0,404.9977009926142,0.492,1,0,0,0,1,0.176,0.15200000000000002,0.11599999999999999
12.230137825012209,359.0,0.0,0.0,396.0735858536471,0.496,0,0,0,0,0,,,
12.323995113372805,318.0,0.0,0.0,363.4247413016056,0.5,0,0,0,0,0,,,
12.402160167694092,318.0,0.0,0.0,326.80412623825134,0.504,0,0,0,0,0,,,
12.495784044265749,317.0,0.0,0.0,305.0969595199458,0.508,0,0,0,0,0,,,
12.575420141220093,317.0,0.0,0.0,303.84886651520696,0.512,0,0,1,0,0,,,
12.654125452041626,317.0,0.0,0.0,316.26439251931555,0.516,0,0,0,0,0,,,
12.748433113098145,324.0,0.0,0.0,331.5669265023461,0.52,0,0,0,0,0,,,
12.84250545501709,338.0,0.0,0.0,341.6870009917391,0.524,0,0,0,0,0,,,
12.921639919281006,351.0,0.0,0.0,343.48277587494533,0.528,0,0,0,0,0,,,
13.015713691711426,340.0,0.0,0.0,338.2048092356116,0.532,0,0,0,0,0,,,
13.094343185424805,324.0,0.0,0.0,329.7402729253432,0.536,0,0,0,0,0,,,
13.188112020492554,321.0,0.0,0.0,322.17061249997784,0.54,0,0,0,0,0,,,
13.266731262207031,318.0,0.0,0.0,317.6578738143069,0.544,0,0,0,0,0,,,
13.344865083694458,320.0,0.0,0.0,315.9762908739812,0.548,0,0,0,0,0,,,
13.438664436340332,315.0,0.0,0.0,315.7342676884316,0.552,0,0,0,0,0,,,
13.516700744628906,315.0,0.0,0.0,315.8998560818134,0.556,0,0,0,0,0,,,
13.612942218780518,315.0,0.0,0.0,316.374166055418,0.56,0,0,0,0,0,,,
13.691457986831663,319.0,0.0,0.0,317.5921100964746,0.564,0,0,0,0,0,,,
13.785237073898315,320.0,0.0,0.0,319.8883913000212,0.568,0,0,0,0,0,,,
13.871902227401732,323.0,0.0,0.0,323.14418619708124,0.572,0,0,0,0,0,,,
13.957583904266356,325.0,0.0,0.0,326.7663696924693,0.576,0,0,0,0,0,,,
14.05136489868164,332.0,0.0,0.0,329.92356437889873,0.58,0,0,0,0,0,,,
14.145700931549072,332.0,0.0,0.0,331.95800152775246,0.584,0,0,0,0,0,,,
14.223962783813477,332.0,0.0,0.0,332.7461530630418,0.588,0,0,0,0,0,,,
14.317573308944702,333.0,0.0,0.0,332.7231699134386,0.592,0,0,0,0,0,,,
14.411615133285522,333.0,0.0,0.0,332.5268302065368,0.596,0,0,0,0,0,,,
14.50551962852478,331.0,0.0,0.0,332.524971166632,0.6,0,0,0,0,0,,,
14.58511471748352,333.0,0.0,0.0,332.58179004624816,0.604,0,0,0,0,0,,,
14.683354377746582,333.0,0.0,0.0,332.2639985698532,0.608,0,0,0,0,0,,,
14.773022651672363,331.0,0.0,0.0,331.3705388312265,0.612,0,0,0,0,0,,,
14.85114598274231,331.0,0.0,0.0,330.3631421275947,0.616,0,0,0,0,0,,,
14.945992946624756,331.0,0.0,0.0,330.23574462849183,0.62,0,0,0,0,0,,,
15.024609804153442,332.0,0.0,0.0,331.69289617422754,0.624,0,0,0,0,0,,,
15.118647813796995,331.0,0.0,0.0,334.10533412771434,0.628,0,0,0,1,0,,,
15.19680380821228,332.0,0.0,0.0,335.2909567594702,0.632,0,0,0,0,0,,,
15.290521621704102,333.0,0.0,0.0,333.0771236235172,0.636,0,0,0,0,0,,,
15.3842875957489,340.0,0.0,0.0,328.14088784615126,0.64,0,0,0,0,0,,,
15.478023052215576,329.0,0.0,0.0,325.4371737898952,0.644,0,1,0,0,0,,,
15.56015133857727,328.0,0.0,0.0,331.2253597120466,0.648,0,0,0,0,0,,,
15.650969743728638,332.0,0.0,0.0,346.4608712022584,0.652,0,0,0,0,0,,,
15.744757890701294,313.0,0.0,0.0,362.76583334135,0.656,0,0,0,0,0,,,
15.82310962677002,478.0,0.0,0.0,367.2678929172199,0.66,1,0,0,0,1,0.16800000000000004,0.05999999999999994,0.027999999999999914
15.917080879211426,312.0,0.0,0.0,353.77484613900697,0.664,0,0,0,0,0,,,
15.99519681930542,307.0,0.0,0.0,329.0672308836216,0.668,0,0,0,0,0,,,
16.089239358901978,306.0,0.0,0.0,307.34669355525546,0.672,0,0,0,0,0,,,
16.166953086853027,308.0,0.0,0.0,299.0451092306331,0.676,0,0,1,0,0,,,
16.260566234588623,313.0,0.0,0.0,304.9603476779177,0.68,0,0,0,0,0,,,
16.33869242668152,316.0,0.0,0.0,318.68120335630255,0.684,0,0,0,0,0,,,
16.432443380355835,325.0,0.0,0.0,332.2065483550275,0.688,0,0,0,0,0,,,
16.510728359222412,342.0,0.0,0.0,339.9112504096232,0.692,0,0,0,0,0,,,
16.60502028465271,348.0,0.0,0.0,340.0245176029914,0.696,0,0,0,0,0,,,
16.6991069316864,330.0,0.0,0.0,334.411184378921,0.7,0,0,0,0,0,,,
16.777392387390137,323.0,0.0,0.0,326.96110726272883,0.704,0,0,0,1,0,,,
16.871356964111328,322.0,0.0,0.0,321.1680200777323,0.708,0,0,0,0,0,,,
16.950014352798462,320.0,0.0,0.0,318.40015020823404,0.712,0,0,0,0,0,,,
17.043940544128418,319.0,0.0,0.0,317.95864204165684,0.716,0,0,0,0,0,,,
17.12315082550049,318.0,0.0,0.0,318.4163214112436,0.72,0,0,0,0,0,,,
17.21669840812683,319.0,0.0,0.0,318.84798054448686,0.724,0,0,0,0,0,,,
17.310547590255737,318.0,0.0,0.0,319.1232766118545,0.728,0,0,0,0,0,,,
17.404194593429565,320.0,0.0,0.0,319.4527994331376,0.732,0,0,0,0,0,,,
17.498030424118042,319.0,0.0,0.0,319.85551183856575,0.736,0,0,0,0,0,,,
17.602673053741455,321.0,0.0,0.0,320.0211033859904,0.74,0,0,0,0,0,,,
17.68685293197632,320.0,0.0,0.0,319.56614452772754,0.744,0,0,0,0,0,,,
17.780617475509644,318.0,0.0,0.0,318.3491030846712,0.748,0,0,0,0,0,,,
17.87814211845398,316.0,0.0,0.0,316.5404760682814,0.752,0,0,0,0,0,,,
17.971526861190796,314.0,0.0,0.0,314.45172505859995,0.756,0,0,0,0,0,,,
18.064686059951782,314.0,0.0,0.0,312.3589234582621,0.76,0,0,0,0,0,,,
18.15923428535461,309.0,0.0,0.0,310.4711967260536,0.764,0,0,0,0,0,,,
18.23908233642578,310.0,0.0,0.0,308.9576373667577,0.768,0,0,0,0,0,,,
18.33414030075073,308.0,0.0,0.0,307.87924314943604,0.772,0,0,0,0,0,,,
18.43233895301819,306.0,0.0,0.0,307.029470953001,0.776,0,0,0,0,0,,,
18.51349401473999,305.0,0.0,0.0,305.8891123399517,0.78,0,0,0,0,0,,,
18.605162858963013,305.0,0.0,0.0,303.93675534556763,0.784,0,0,0,0,0,,,
18.699136972427368,302.0,0.0,0.0,301.2641140652575,0.788,0,0,0,0,0,,,
18.794569492340088,300.0,0.0,0.0,298.95051935773773,0.792,0,0,0,0,0,,,
18.878427743911743,300.0,0.0,0.0,298.4874599891747,0.796,0,0,0,0,0,,,
18.975504875183105,298.0,0.0,0.0,300.1975138599669,0.8,0,0,0,0,0,,,
19.060864210128784,295.0,0.0,0.0,301.88277999735686,0.804,0,0,0,0,0,,,
19.156226634979248,294.0,0.0,0.0,299.7610168086252,0.808,0,0,0,0,0,,,
19.250853538513184,308.0,0.0,0.0,292.4672592439697,0.812,0,0,0,0,0,,,
19.346213579177856,298.0,0.0,0.0,285.2068547120282,0.816,0,1,0,0,0,,,
19.441078901290894,292.0,0.0,0.0,288.3501174306245,0.82,0,0,0,0,0,,,
19.53786683082581,296.0,0.0,0.0,308.1628915500263,0.824,0,0,0,0,0,,,
19.63036751747132,215.0,0.0,0.0,337.0057375380632,0.828,0,0,0,0,0,,,
19.725725889205933,544.0,0.0,0.0,355.53281994664,0.832,1,0,0,0,1,0.17199999999999993,0.132,0.09999999999999998
19.82146668434143,306.0,0.0,0.0,348.7547844358981,0.836,0,0,0,0,0,,,
19.91601276397705,278.0,0.0,0.0,320.2266294479043,0.84,0,0,0,0,0,,,
20.01126337051392,280.0,0.0,0.0,288.6972448087579,0.844,0,0,0,0,0,,,
20.09678053855896,284.0,0.0,0.0,271.8138404135648,0.848,0,0,1,0,0,,,
20.185341119766235,287.0,0.0,0.0,274.4349833296116,0.852,0,0,0,0,0,,,
20.295528650283813,292.0,0.0,0.0,289.8908047671458,0.856,0,0,0,0,0,,,
20.390349626541138,298.0,0.0,0.0,307.9797630739502,0.86,0,0,0,0,0,,,
20.4868712425232,318.0,0.0,0.0,321.0705363934589,0.864,0,0,0,0,0,,,
20.565354585647583,334.0,0.0,0.0,326.01859040096224,0.868,0,0,0,0,0,,,
20.659796714782715,326.0,0.0,0.0,323.7946597423757,0.872,0,0,0,0,0,,,
20.75552558898925,313.0,0.0,0.0,318.0901571144202,0.876,0,0,0,0,0,,,
20.85645794868469,310.0,0.0,0.0,313.0208377605511,0.88,0,0,0,0,0,,,
20.94379091262817,312.0,0.0,0.0,310.8403610023598,0.884,0,0,0,0,0,,,
21.03942322731018,315.0,0.0,0.0,311.2514045350428,0.888,0,0,0,0,0,,,
21.13135266304016,312.0,0.0,0.0,312.64023243970854,0.892,0,0,0,0,0,,,
21.22666025161743,314.0,0.0,0.0,313.816686826509,0.896,0,0,0,0,0,,,
21.32150173187256,313.0,0.0,0.0,314.7317479564765,0.9,0,0,0,0,0,,,
21.425607919693,316.0,0.0,0.0,315.97719606488795,0.904,0,0,0,0,0,,,
21.511143684387207,318.0,0.0,0.0,317.95922320008185,0.908,0,0,0,0,0,,,
21.60976934432984,321.0,0.0,0.0,320.57615559519246,0.912,0,0,0,0,0,,,
21.70298838615417,325.0,0.0,0.0,323.476176276973,0.916,0,0,0,0,0,,,
21.79717969894409,325.0,0.0,0.0,326.4144653564927,0.92,0,0,0,0,0,,,
21.90883564949036,328.0,0.0,0.0,329.31461961589184,0.924,0,0,0,0,0,,,
21.989294052124023,334.0,0.0,0.0,332.10666855137896,0.928,0,0,0,0,0,,,
22.092697858810425,334.0,0.0,0.0,334.6515540613861,0.932,0,0,0,0,0,,,
22.179888486862183,337.0,0.0,0.0,336.83570256689205,0.936,0,0,0,0,0,,,
22.26014494895935,340.0,0.0,0.0,338.6300682254948,0.94,0,0,0,0,0,,,
22.337374925613403,337.0,0.0,0.0,339.97495547699293,0.944,0,0,0,0,0,,,
22.43304324150085,341.0,0.0,0.0,340.66821191623404,0.948,0,0,0,1,0,,,
22.51408576965332,342.0,0.0,0.0,340.5480164582446,0.952,0,0,0,0,0,,,
22.59241914749145,341.0,0.0,0.0,339.89518586689263,0.956,0,0,0,0,0,,,
22.689293384552,341.0,0.0,0.0,339.4738927091503,0.96,0,0,0,0,0,,,
22.765952825546265,336.0,0.0,0.0,339.76599907527583,0.964,0,0,0,0,0,,,
22.86031222343445,338.0,0.0,0.0,339.9600806034049,0.968,0,0,0,0,0,,,
22.93960738182068,335.0,0.0,0.0,338.1464344454203,0.972,0,0,0,0,0,,,
23.03391003608704,339.0,0.0,0.0,333.53150647818575,0.976,0,0,0,0,0,,,
23.12839818000793,339.0,0.0,0.0,329.1527732384336,0.98,0,1,0,0,0,,,
23.207738637924194,335.0,0.0,0.0,331.6061102563406,0.984,0,0,0,0,0,,,
23.2858521938324,336.0,0.0,0.0,345.77602229361145,0.988,0,0,0,0,0,,,
23.381088972091675,329.0,0.0,0.0,368.0022255188255,0.992,0,0,0,0,0,,,
23.45914959907532,407.0,0.0,0.0,385.4038450780343,0.996,1,0,0,0,1,0.16400000000000003,0.1280000000000001,0.09200000000000008
23.54015040397644,445.0,0.0,0.0,384.9797401182426,1.0,0,0,0,0,0,,,
23.63458228111267,325.0,0.0,0.0,365.1123120951498,1.004,0,0,0,0,0,,,
23.712936401367188,318.0,0.0,0.0,337.52314478922614,1.008,0,0,0,0,0,,,
23.806969165802,321.0,0.0,0.0,317.54200533670485,1.012,0,0,0,0,0,,,
23.893579483032227,324.0,0.0,0.0,312.97990730927665,1.016,0,0,1,0,0,,,
23.980550289154053,328.0,0.0,0.0,321.3505104966794,1.02,0,0,0,0,0,,,
24.058599948883057,329.0,0.0,0.0,334.76358924798467,1.024,0,0,0,0,0,,,
24.15324354171753,340.0,0.0,0.0,345.79678026113567,1.028,0,0,0,0,0,,,
24.23151159286499,354.0,0.0,0.0,350.3699403264001,1.032,0,0,0,0,0,,,
24.32526040077209,354.0,0.0,0.0,348.0934941446634,1.036,0,0,0,0,0,,,
24.403478622436523,337.0,0.0,0.0,341.44202702843324,1.04,0,0,0,0,0,,,
24.49726438522339,331.0,0.0,0.0,334.0973164725395,1.044,0,0,0,0,0,,,
24.591431617736816,330.0,0.0,0.0,328.9301407025167,1.048,0,0,0,0,0,,,
24.68030261993408,328.0,0.0,0.0,326.8345778818187,1.052,0,0,0,0,0,,,
24.7655827999115,329.0,0.0,0.0,327.10330506728485,1.056,0,0,0,0,0,,,
24.84373140335083,328.0,0.0,0.0,328.6153555682585,1.06,0,0,0,0,0,,,
24.938003063201904,329.0,0.0,0.0,330.6054161556429,1.064,0,0,0,0,0,,,
25.03186178207397,332.0,0.0,0.0,332.62356776922263,1.068,0,0,0,0,0,,,
25.11440420150757,335.0,0.0,0.0,334.25482418880586,1.072,0,0,0,0,0,,,
25.20473599433899,337.0,0.0,0.0,335.1815901540659,1.076,0,0,0,0,0,,,
25.29971194267273,335.0,0.0,0.0,335.47695100195983,1.08,0,0,0,0,0,,,
25.37738990783692,334.0,0.0,0.0,335.62258212841346,1.084,0,0,0,0,0,,,
25.471158742904663,336.0,0.0,0.0,336.11754663117404,1.088,0,0,0,0,0,,,
25.549281358718872,338.0,0.0,0.0,337.0942880220585,1.092,0,0,0,0,0,,,
25.64382529258728,339.0,0.0,0.0,338.3287256263067,1.096,0,0,0,0,0,,,
25.721858978271484,339.0,0.0,0.0,339.52727216472005,1.1,0,0,0,0,0,,,
25.815608978271484,340.0,0.0,0.0,340.5035850711649,1.104,0,0,0,0,0,,,
25.89457082748413,342.0,0.0,0.0,341.1005458975175,1.108,0,0,0,1,0,,,
25.98846316337585,339.0,0.0,0.0,341.06723744836154,1.112,0,0,0,0,0,,,
26.06699776649475,342.0,0.0,0.0,340.1488845217327,1.116,0,0,0,0,0,,,
26.16168642044068,339.0,0.0,0.0,338.3895063058662,1.12,0,0,0,0,0,,,
26.23981237411499,335.0,0.0,0.0,336.3621878079074,1.124,0,0,0,0,0,,,
26.33445692062378,335.0,0.0,0.0,335.0239421193971,1.128,0,0,0,0,0,,,
26.41421627998352,337.0,0.0,0.0,335.16026503762,1.132,0,0,0,0,0,,,
26.50784993171692,337.0,0.0,0.0,336.66239921629807,1.136,0,0,0,0,0,,,
26.60204768180847,334.0,0.0,0.0,338.07907557978115,1.14,0,0,0,0,0,,,
26.68093204498291,334.0,0.0,0.0,337.12311966001084,1.144,0,0,0,0,0,,,
26.774194478988647,335.0,0.0,0.0,332.63067329618576,1.148,0,0,0,0,0,,,
26.85244655609131,339.0,0.0,0.0,327.0583884813203,1.152,0,0,0,0,0,,,
26.932982683181763,329.0,0.0,0.0,326.706640878696,1.156,0,1,0,0,0,,,
27.02589583396912,331.0,0.0,0.0,337.32545970822355,1.16,0,0,0,0,0,,,
27.122002124786377,333.0,0.0,0.0,357.2600950409409,1.164,0,0,0,0,0,,,
27.20512700080872,354.0,0.0,0.0,375.1734061031423,1.168,0,0,0,0,0,,,
27.30241107940674,471.0,0.0,0.0,377.3571863042678,1.172,1,0,0,0,1,0.17599999999999993,0.15600000000000014,0.12400000000000011
27.389552116394043,316.0,0.0,0.0,359.54896364122226,1.176,0,0,0,0,0,,,
27.48336672782898,309.0,0.0,0.0,331.2898025593003,1.18,0,0,0,0,0,,,
27.58223009109497,309.0,0.0,0.0,308.0319912246299,1.184,0,0,0,0,0,,,
27.67583990097046,310.0,0.0,0.0,299.53058039520874,1.188,0,0,1,0,0,,,
27.758688926696777,314.0,0.0,0.0,305.3355677734313,1.192,0,0,0,0,0,,,
27.847103357315063,314.0,0.0,0.0,318.5351410822302,1.196,0,0,0,0,0,,,
27.925734519958496,324.0,0.0,0.0,331.5016477936716,1.2,0,0,0,0,0,,,
28.019654273986816,341.0,0.0,0.0,339.12980386304844,1.204,0,0,0,0,0,,,
28.09815502166748,348.0,0.0,0.0,339.7063171909597,1.208,0,0,0,0,0,,,
28.17703938484192,331.0,0.0,0.0,334.72854966407954,1.212,0,0,0,0,0,,,
28.271191120147705,324.0,0.0,0.0,327.7518087411267,1.216,0,0,0,0,0,,,
28.3497576713562,323.0,0.0,0.0,322.2977766870602,1.22,0,0,0,0,0,,,
28.446290254592896,321.0,0.0,0.0,320.0277421704892,1.224,0,0,0,0,0,,,
28.522562503814697,320.0,0.0,0.0,320.4523126436064,1.228,0,0,0,0,0,,,
28.614481925964355,325.0,0.0,0.0,322.06526982658994,1.232,0,0,0,0,0,,,
28.699584007263184,322.0,0.0,0.0,323.6750244308945,1.236,0,0,0,0,0,,,
28.7932677268982,324.0,0.0,0.0,324.90184894358003,1.24,0,0,0,0,0,,,
28.883197784423828,326.0,0.0,0.0,325.8030367639218,1.244,0,0,0,0,0,,,
28.96672821044922,325.0,0.0,0.0,326.342153485005,1.248,0,0,0,0,0,,,
29.05635023117065,329.0,0.0,0.0,326.3338511715144,1.252,0,0,0,0,0,,,
29.14307546615601,326.0,0.0,0.0,325.8079262306411,1.256,0,0,0,0,0,,,
29.22068357467652,324.0,0.0,0.0,325.2290783262089,1.26,0,0,0,0,0,,,
29.31598210334778,324.0,0.0,0.0,325.2173697293983,1.264,0,0,0,0,0,,,
29.39464044570923,327.0,0.0,0.0,326.0455944029541,1.268,0,0,0,0,0,,,
29.48939728736877,328.0,0.0,0.0,327.4493692117775,1.272,0,0,0,0,0,,,
29.58391642570496,329.0,0.0,0.0,328.8844660610565,1.276,0,0,0,0,0,,,
29.67757225036621,330.0,0.0,0.0,329.8755853561753,1.28,0,0,0,0,0,,,
29.75647449493408,329.0,0.0,0.0,330.1205394456275,1.284,0,0,0,0,0,,,
29.850637674331665,329.0,0.0,0.0,329.4212466115089,1.288,0,0,0,0,0,,,
29.94451880455017,329.0,0.0,0.0,327.747826831461,1.292,0,0,0,0,0,,,
30.03847599029541,326.0,0.0,0.0,325.5165655604903,1.296,0,0,0,0,0,,,
30.11662483215332,323.0,0.0,0.0,323.7595415560475,1.3,0,0,0,0,0,,,
30.21038389205933,324.0,0.0,0.0,323.7846008909586,1.304,0,0,0,0,0,,,
30.30540990829468,328.0,0.0,0.0,326.28349045859466,1.308,0,0,0,0,0,,,
30.38321280479431,329.0,0.0,0.0,330.3400379956127,1.312,0,0,0,1,0,,,
30.476961851119995,328.0,0.0,0.0,333.19645190515024,1.316,0,0,0,0,0,,,
30.57071280479431,330.0,0.0,0.0,331.72742926601177,1.32,0,0,0,0,0,,,
30.64963459968567,332.0,0.0,0.0,325.6378694231866,1.324,0,0,0,0,0,,,
30.743799686431885,334.0,0.0,0.0,320.13184450356863,1.328,0,1,0,0,0,,,
30.83755135536194,325.0,0.0,0.0,324.16030744148946,1.332,0,0,0,0,0,,,
30.916517734527588,329.0,0.0,0.0,342.8742389210709,1.336,0,0,0,0,0,,,
31.01046872138977,309.0,0.0,0.0,369.7722658515852,1.34,0,0,0,0,0,,,
31.10500693321228,461.0,0.0,0.0,388.0457922898151,1.344,1,0,0,0,1,0.17200000000000015,0.15599999999999992,0.11999999999999988
31.18363237380981,416.0,0.0,0.0,383.38404164298447,1.348,0,0,0,0,0,,,
31.277426719665527,311.0,0.0,0.0,356.8832150432405,1.352,0,0,0,0,0,,,
31.37194299697876,307.0,0.0,0.0,324.4013007246431,1.356,0,0,0,0,0,,,
31.4500699043274,310.0,0.0,0.0,303.25915086454535,1.36,0,0,0,0,0,,,
31.54711413383484,314.0,0.0,0.0,300.26894276860634,1.364,0,0,1,0,0,,,
31.640430450439453,316.0,0.0,0.0,310.7881037305887,1.368,0,0,0,0,0,,,
31.735207319259644,319.0,0.0,0.0,325.5282296177468,1.372,0,0,0,0,0,,,
31.82895946502685,329.0,0.0,0.0,336.8535009834385,1.376,0,0,0,0,0,,,
31.92340874671936,347.0,0.0,0.0,341.05201290808253,1.38,0,0,0,0,0,,,
32.00153183937073,344.0,0.0,0.0,338.11472827337053,1.384,0,0,0,0,0,,,
32.099056005477905,326.0,0.0,0.0,330.76493623618285,1.388,0,0,0,0,0,,,
32.190587282180786,319.0,0.0,0.0,322.8383637334184,1.392,0,0,0,0,0,,,
32.28433632850647,319.0,0.0,0.0,317.2509057344611,1.396,0,0,0,0,0,,,
32.362462520599365,317.0,0.0,0.0,314.79245079787114,1.4,0,0,0,0,0,,,
32.4563262462616,314.0,0.0,0.0,314.52123075529005,1.404,0,0,0,0,0,,,
32.55029392242432,315.0,0.0,0.0,315.06897859073666,1.408,0,0,0,0,0,,,
32.62991404533386,316.0,0.0,0.0,315.63272293083423,1.412,0,0,0,0,0,,,
32.72426199913025,315.0,0.0,0.0,316.12541594065,1.416,0,0,0,0,0,,,
32.818215131759644,317.0,0.0,0.0,316.77759160404213,1.42,0,0,0,0,0,,,
32.9134407043457,318.0,0.0,0.0,317.7247049606133,1.424,0,0,0,0,0,,,
33.006200551986694,319.0,0.0,0.0,318.8827300771689,1.428,0,0,0,0,0,,,
33.10060954093933,320.0,0.0,0.0,320.0718755132146,1.432,0,0,0,0,0,,,
33.179274797439575,321.0,0.0,0.0,321.17891974240666,1.436,0,0,0,0,0,,,
33.2742600440979,323.0,0.0,0.0,322.2070679756908,1.44,0,0,0,0,0,,,
33.36803078651428,322.0,0.0,0.0,323.20673178494025,1.444,0,0,0,0,0,,,
33.44737482070923,324.0,0.0,0.0,324.18279052261164,1.448,0,0,0,0,0,,,
33.54051876068115,327.0,0.0,0.0,325.07586619086106,1.452,0,0,0,0,0,,,
33.63508915901184,325.0,0.0,0.0,325.8031849352186,1.456,0,0,0,0,0,,,
33.729310274124146,325.0,0.0,0.0,326.2646241236111,1.46,0,0,0,0,0,,,
33.807435512542725,326.0,0.0,0.0,326.3457496290536,1.464,0,0,0,0,0,,,
33.90164399147034,328.0,0.0,0.0,326.0797702710097,1.468,0,0,0,0,0,,,
33.99590229988098,326.0,0.0,0.0,325.90097539715526,1.472,0,0,0,0,0,,,
34.09998631477356,328.0,0.0,0.0,326.5414205441001,1.476,0,0,0,0,0,,,
34.18461489677429,326.0,0.0,0.0,328.2678541914351,1.48,0,0,0,0,0,,,
34.27836537361145,327.0,0.0,0.0,329.9935096351448,1.484,0,0,0,1,0,,,
34.372294664382935,328.0,0.0,0.0,329.5217224925288,1.488,0,0,0,0,0,,,
34.46656274795532,328.0,0.0,0.0,325.6505154374463,1.492,0,0,0,0,0,,,
34.56101179122925,331.0,0.0,0.0,320.8599202446252,1.496,0,1,0,0,0,,,
34.65522289276123,326.0,0.0,0.0,321.41219484210774,1.5,0,0,0,0,0,,,
34.7494912147522,325.0,0.0,0.0,332.6848194683952,1.504,0,0,0,0,0,,,
34.84763240814209,319.0,0.0,0.0,352.3968593780252,1.508,0,0,0,0,0,,,
34.93877100944519,370.0,0.0,0.0,368.9628611392504,1.512,0,0,0,0,0,,,
35.032981872558594,447.0,0.0,0.0,369.37224066934726,1.516,1,0,0,0,1,0.17199999999999993,0.16399999999999992,0.1279999999999999
35.12766218185425,307.0,0.0,0.0,350.6160544854796,1.52,0,0,0,0,0,,,
35.221821308135986,302.0,0.0,0.0,322.88959271939024,1.524,0,0,0,0,0,,,
35.315985679626465,305.0,0.0,0.0,301.11539080443055,1.528,0,0,0,0,0,,,
35.40991497039795,306.0,0.0,0.0,293.97768533655227,1.532,0,0,1,0,0,,,
35.503575563430786,304.0,0.0,0.0,300.3848655639396,1.536,0,0,0,0,0,,,
35.59747099876404,311.0,0.0,0.0,313.46714922269183,1.54,0,0,0,0,0,,,
35.69612693786621,318.0,0.0,0.0,325.9564965355856,1.544,0,0,0,0,0,,,
35.7857677936554,337.0,0.0,0.0,333.10279883051226,1.548,0,0,0,0,0,,,
35.889528036117554,340.0,0.0,0.0,333.4614950649779,1.552,0,0,0,0,0,,,
35.97521185874939,325.0,0.0,0.0,328.6286474263284,1.556,0,0,0,0,0,,,
36.06848907470703,318.0,0.0,0.0,321.9524866798658,1.56,0,0,0,0,0,,,
36.1662974357605,316.0,0.0,0.0,316.513462606793,1.564,0,0,0,0,0,,,
36.25746989250183,318.0,0.0,0.0,313.6940876928771,1.568,0,0,0,0,0,,,
36.35122084617615,313.0,0.0,0.0,313.27281907709056,1.572,0,0,0,0,0,,,
36.44642877578735,314.0,0.0,0.0,314.4377737404475,1.576,0,0,0,0,0,,,
36.5405023097992,315.0,0.0,0.0,316.4970995496635,1.58,0,0,0,0,0,,,
36.63488698005676,319.0,0.0,0.0,318.8979264992764,1.584,0,0,0,0,0,,,
36.71362233161926,322.0,0.0,0.0,321.0646414067874,1.588,0,0,0,0,0,,,
36.80872130393982,323.0,0.0,0.0,322.5136058754199,1.592,0,0,0,0,0,,,
36.9180428981781,322.0,0.0,0.0,323.13114485381954,1.596,0,0,0,0,0,,,
37.01188898086548,324.0,0.0,0.0,323.2585408991016,1.6,0,0,0,0,0,,,
37.105910301208496,324.0,0.0,0.0,323.45753064085204,1.604,0,0,0,0,0,,,
37.200735092163086,322.0,0.0,0.0,324.1342845141981,1.608,0,0,0,0,0,,,
37.295287132263184,326.0,0.0,0.0,325.3157287305044,1.612,0,0,0,0,0,,,
37.39085292816162,328.0,0.0,0.0,326.76435425617336,1.616,0,0,0,0,0,,,
37.4685595035553,329.0,0.0,0.0,328.3078280519558,1.62,0,0,0,0,0,,,
37.5623095035553,328.0,0.0,0.0,330.0062847479343,1.624,0,0,0,0,0,,,
37.66460633277893,332.0,0.0,0.0,331.9548954527923,1.628,0,0,0,0,0,,,
37.75384068489075,335.0,0.0,0.0,333.97079153099463,1.632,0,0,0,0,0,,,
37.832748889923096,335.0,0.0,0.0,335.5541477100327,1.636,0,0,0,0,0,,,
37.92655801773071,336.0,0.0,0.0,336.2042330429366,1.64,0,0,0,0,0,,,
38.02063298225403,336.0,0.0,0.0,335.84911170820857,1.644,0,0,0,0,0,,,
38.114421367645264,336.0,0.0,0.0,335.0688701791817,1.648,0,0,0,0,0,,,
38.209582805633545,336.0,0.0,0.0,334.8435060299848,1.652,0,0,0,0,0,,,
38.30319571495056,334.0,0.0,0.0,335.75570289607833,1.656,0,0,0,0,0,,,
38.41262412071228,336.0,0.0,0.0,337.0899864818691,1.66,0,0,0,1,0,,,
38.50637340545654,333.0,0.0,0.0,336.8334222807074,1.664,0,0,0,0,0,,,
38.60055232048035,334.0,0.0,0.0,333.3848022947628,1.668,0,0,0,0,0,,,
38.69729948043823,339.0,0.0,0.0,328.2460510249571,1.672,0,0,0,0,0,,,
38.78914499282837,332.0,0.0,0.0,326.9587010215002,1.676,0,1,0,0,0,,,
38.89144253730774,331.0,0.0,0.0,335.57301539750216,1.68,0,0,0,0,0,,,
38.97762417793274,336.0,0.0,0.0,353.8912268851894,1.684,0,0,0,0,0,,,
39.08791136741638,327.0,0.0,0.0,372.0289084934407,1.688,0,0,0,0,0,,,
39.18321442604065,490.0,0.0,0.0,376.3127880058916,1.692,1,0,0,0,1,0.17599999999999993,0.15600000000000014,0.12400000000000011
39.27744650840759,315.0,0.0,0.0,361.06434442296114,1.696,0,0,0,0,0,,,
39.371407985687256,310.0,0.0,0.0,334.375355451832,1.7,0,0,0,0,0,,,
39.46573495864868,312.0,0.0,0.0,311.4163143937614,1.704,0,0,0,0,0,,,
39.575257539749146,314.0,0.0,0.0,302.6513672387833,1.708,0,0,1,0,0,,,
39.6624813079834,314.0,0.0,0.0,308.34860173809443,1.712,0,0,0,0,0,,,
39.74914860725403,320.0,0.0,0.0,321.706689981877,1.716,0,0,0,0,0,,,
39.84294748306274,328.0,0.0,0.0,334.7742386155964,1.72,0,0,0,0,0,,,
39.93755531311035,343.0,0.0,0.0,342.2145722586094,1.724,0,0,0,0,0,,,
40.031386375427246,350.0,0.0,0.0,342.4324375510624,1.728,0,0,0,0,0,,,
40.125720262527466,334.0,0.0,0.0,337.2063975373348,1.732,0,0,0,0,0,,,
40.22247862815857,328.0,0.0,0.0,330.2019368461164,1.736,0,0,0,0,0,,,
40.31417894363403,322.0,0.0,0.0,324.72411028766703,1.74,0,0,0,0,0,,,
40.40805387496948,324.0,0.0,0.0,322.02806899374843,1.744,0,0,0,0,0,,,
40.50180387496948,325.0,0.0,0.0,321.38261666191426,1.748,0,0,0,0,0,,,
40.60396933555603,321.0,0.0,0.0,321.48685365138283,1.752,0,0,0,0,0,,,
40.69133687019348,319.0,0.0,0.0,321.6941996618166,1.756,0,0,0,0,0,,,
40.785592794418335,322.0,0.0,0.0,322.1073967285613,1.76,0,0,0,0,0,,,
40.87943291664124,324.0,0.0,0.0,322.9765287098106,1.764,0,0,0,0,0,,,
40.973928689956665,325.0,0.0,0.0,324.28873394517007,1.768,0,0,0,0,0,,,
41.06768035888672,325.0,0.0,0.0,325.82080267037213,1.772,0,0,0,0,0,,,
41.17763423919678,327.0,0.0,0.0,327.3352463036405,1.776,0,0,0,0,0,,,
41.27839350700378,330.0,0.0,0.0,328.6457681430322,1.78,0,0,0,0,0,,,
41.36569666862488,328.0,0.0,0.0,329.5780941264322,1.784,0,0,0,0,0,,,
41.45944690704346,330.0,0.0,0.0,329.9691766229914,1.788,0,0,0,0,0,,,
41.55319714546204,331.0,0.0,0.0,329.7783840399763,1.792,0,0,0,0,0,,,
41.648274421691895,329.0,0.0,0.0,329.232302525278,1.796,0,0,0,0,0,,,
41.743547201156616,329.0,0.0,0.0,328.7946716658727,1.8,0,0,0,0,0,,,
41.84775233268738,328.0,0.0,0.0,328.8439606939048,1.804,0,0,0,0,0,,,
41.93134522438049,329.0,0.0,0.0,329.26875170735605,1.808,0,0,0,0,0,,,
42.025465965271,329.0,0.0,0.0,329.41672788992696,1.812,0,0,0,0,0,,,
42.13524985313416,329.0,0.0,0.0,328.6368266041629,1.816,0,0,0,0,0,,,
42.22945427894592,329.0,0.0,0.0,327.1018196403804,1.82,0,0,0,0,0,,,
42.324010133743286,327.0,0.0,0.0,326.1141670869375,1.824,0,0,0,0,0,,,
42.41776704788208,327.0,0.0,0.0,327.214114312413,1.828,0,0,0,0,0,,,
42.511547327041626,328.0,0.0,0.0,330.36879181907403,1.832,0,0,0,1,0,,,
42.60571908950806,327.0,0.0,0.0,332.83414474191375,1.836,0,0,0,0,0,,,
42.70026993751526,328.0,0.0,0.0,330.6753977652364,1.84,0,0,0,0,0,,,
42.778403520584106,335.0,0.0,0.0,323.1354707454105,1.844,0,0,0,0,0,,,
42.872151613235474,329.0,0.0,0.0,316.4396757581983,1.848,0,1,0,0,0,,,
42.95091128349304,328.0,0.0,0.0,321.549688135314,1.852,0,0,0,0,0,,,
43.04532909393311,326.0,0.0,0.0,344.2868650349665,1.856,0,0,0,0,0,,,
43.139089822769165,265.0,0.0,0.0,375.6334306558028,1.86,0,0,0,0,0,,,
43.23353457450867,566.0,0.0,0.0,394.65196592610414,1.864,1,0,0,0,1,0.17200000000000015,0.18799999999999994,0.15200000000000014
43.312530755996704,360.0,0.0,0.0,385.478302621826,1.868,0,0,0,0,0,,,
43.40632486343384,304.0,0.0,0.0,352.11617343296024,1.872,0,0,0,0,0,,,
43.500646114349365,303.0,0.0,0.0,314.84436174433023,1.876,0,0,0,0,0,,,
43.597145080566406,305.0,0.0,0.0,292.85900943446035,1.88,0,0,0,0,0,,,
43.68718075752258,306.0,0.0,0.0,291.62226126937003,1.884,0,0,1,0,0,,,
43.770259141922,307.0,0.0,0.0,304.16043652888106,1.888,0,0,0,0,0,,,
43.8634238243103,311.0,0.0,0.0,319.8646183050156,1.892,0,0,0,0,0,,,
43.94201564788818,326.0,0.0,0.0,331.13811833353657,1.896,0,0,0,0,0,,,
44.03632140159607,342.0,0.0,0.0,335.0845366327332,1.9,0,0,0,0,0,,,
44.13047170639038,336.0,0.0,0.0,332.5984588876425,1.904,0,0,0,0,0,,,
44.21444892883301,322.0,0.0,0.0,326.84221205778897,1.908,0,0,0,0,0,,,
44.30360889434815,319.0,0.0,0.0,321.35662642632866,1.912,0,0,0,0,0,,,
44.40218186378479,319.0,0.0,0.0,318.23769772018574,1.916,0,0,0,0,0,,,
44.47634696960449,320.0,0.0,0.0,317.5190694770488,1.92,0,0,0,0,0,,,
44.57098054885864,319.0,0.0,0.0,318.1101669921679,1.924,0,0,0,0,0,,,
44.650585412979126,318.0,0.0,0.0,319.1995086956388,1.928,0,0,0,0,0,,,
44.74459743499756,321.0,0.0,0.0,320.81886236151723,1.932,0,0,0,0,0,,,
44.82317805290222,321.0,0.0,0.0,323.351698097793,1.936,0,0,0,0,0,,,
44.91734671592712,329.0,0.0,0.0,326.772146403871,1.94,0,0,0,0,0,,,
45.01162600517273,330.0,0.0,0.0,330.4072164349121,1.944,0,0,0,0,0,,,
45.09039354324341,333.0,0.0,0.0,333.33192057977,1.948,0,0,0,0,0,,,
45.18492245674133,336.0,0.0,0.0,334.9503544708185,1.952,0,0,0,0,0,,,
45.27983903884888,335.0,0.0,0.0,335.2876793041274,1.956,0,0,0,0,0,,,
45.35891342163086,334.0,0.0,0.0,334.8376793802391,1.96,0,0,0,0,0,,,
45.43692684173584,334.0,0.0,0.0,334.15745233354454,1.964,0,0,0,0,0,,,
45.53078413009644,334.0,0.0,0.0,333.5557814703409,1.968,0,0,0,0,0,,,
45.609304904937744,334.0,0.0,0.0,333.06727291201327,1.972,0,0,0,0,0,,,
45.70474600791931,332.0,0.0,0.0,332.5879073996272,1.976,0,0,0,0,0,,,
45.79788732528687,331.0,0.0,0.0,331.9427373224719,1.98,0,0,0,0,0,,,
45.87662053108215,332.0,0.0,0.0,330.88106396803835,1.984,0,0,0,0,0,,,
45.97081160545349,327.0,0.0,0.0,329.2129348350975,1.988,0,0,0,0,0,,,
46.04896569252014,329.0,0.0,0.0,327.16801681783465,1.992,0,0,0,0,0,,,
46.14308214187622,329.0,0.0,0.0,325.6350270746564,1.996,0,0,0,0,0,,,
46.23785853385925,324.0,0.0,0.0,325.6861066631565,2.0,0,0,0,0,0,,,
46.31598377227783,325.0,0.0,0.0,327.27970107458344,2.004,0,0,0,0,0,,,
46.40973424911499,323.0,0.0,0.0,328.2474744627628,2.008,0,0,0,0,0,,,
46.48785948753357,325.0,0.0,0.0,325.3681737242627,2.012,0,0,0,0,0,,,
46.58161950111389,325.0,0.0,0.0,317.9516049073814,2.016,0,0,0,0,0,,,
46.67621994018555,323.0,0.0,0.0,311.1579892728413,2.02,0,0,0,0,0,,,
46.75475096702576,321.0,0.0,0.0,314.314834629281,2.024,0,0,0,0,0,,,
46.84852623939514,323.0,0.0,0.0,332.6351936920332,2.028,0,0,0,0,0,,,
46.927730560302734,243.0,0.0,0.0,358.7793093874829,2.032,0,0,0,0,0,,,
47.02148914337158,550.0,0.0,0.0,375.0600865216948,2.036,0,0,0,1,0,,,
47.11567807197571,327.0,0.0,0.0,367.894139907973,2.04,0,0,0,0,0,,,
47.19431114196777,303.0,0.0,0.0,340.55999240837525,2.044,0,0,0,0,0,,,
47.28870296478272,302.0,0.0,0.0,310.2227308076024,2.048,0,0,0,0,0,,,
47.38452386856079,306.0,0.0,0.0,293.23092773876124,2.052,0,0,0,0,0,,,
47.46205067634583,305.0,0.0,0.0,294.3809952762354,2.056,0,0,0,0,0,,,
47.5558009147644,307.0,0.0,0.0,307.70486846225526,2.06,0,0,0,0,0,,,
47.65052795410156,316.0,0.0,0.0,323.47978400601323,2.064,0,0,0,0,0,,,
47.729146003723145,332.0,0.0,0.0,334.01085330352936,2.068,0,0,0,0,0,,,
47.82289552688599,345.0,0.0,0.0,336.0001973306356,2.072,0,0,0,0,0,,,
47.92334604263306,330.0,0.0,0.0,330.6181582556978,2.076,0,0,0,0,0,,,
48.011558294296265,316.0,0.0,0.0,322.0301237259856,2.08,0,0,0,0,0,,,
48.105674028396606,315.0,0.0,0.0,314.77391675113586,2.084,0,0,0,0,0,,,
48.19677805900574,313.0,0.0,0.0,311.3250902934628,2.088,0,0,0,0,0,,,
48.28172278404236,311.0,0.0,0.0,311.4003363977764,2.092,0,0,0,0,0,,,
48.37523937225342,315.0,0.0,0.0,313.13021048350856,2.096,0,0,0,0,0,,,
48.4775664806366,315.0,0.0,0.0,314.8019511598556,2.1,0,0,0,0,0,,,
48.565269947052,314.0,0.0,0.0,315.82983313717386,2.104,0,0,0,0,0,,,
48.65954637527466,316.0,0.0,0.0,316.5972024461009,2.108,0,0,0,0,0,,,
48.73837566375733,320.0,0.0,0.0,317.7196243026378,2.112,0,0,0,0,0,,,
48.83219814300537,318.0,0.0,0.0,319.43380130090264,2.116,0,0,0,0,0,,,
48.92791223526001,321.0,0.0,0.0,321.4193173166228,2.12,0,1,0,0,0,,,
49.0238049030304,323.0,0.0,0.0,323.026537252858,2.124,0,0,0,0,0,,,
49.11692237854004,325.0,0.0,0.0,323.778672738374,2.128,0,0,0,0,0,,,
49.211647033691406,324.0,0.0,0.0,323.8646204126836,2.132,0,0,0,0,0,,,
49.29021859169006,324.0,0.0,0.0,324.18240142006425,2.136,0,0,0,0,0,,,
49.38423991203308,326.0,0.0,0.0,325.68659410311096,2.14,0,0,0,0,0,,,
49.481769323349,328.0,0.0,0.0,328.35800380113267,2.144,0,0,0,0,0,,,
49.57538723945618,327.0,0.0,0.0,330.6510166093244,2.148,0,0,0,0,0,,,
49.67035484313965,330.0,0.0,0.0,330.3272321229522,2.152,0,0,0,0,0,,,
49.771100997924805,329.0,0.0,0.0,326.7712480349783,2.156,0,0,0,0,0,,,
49.86328148841858,332.0,0.0,0.0,323.23795350241096,2.16,0,0,0,0,0,,,
49.9563581943512,330.0,0.0,0.0,326.2273293516323,2.164,0,0,0,0,0,,,
50.04968452453613,333.0,0.0,0.0,340.49909339580256,2.168,0,0,0,0,0,,,
50.14016652107239,332.0,0.0,0.0,362.7324744589714,2.172,0,0,0,0,0,,,
50.22650003433228,383.0,0.0,0.0,380.6511463831754,2.176,0,0,0,0,0,,,
50.322211265563965,452.0,0.0,0.0,381.2625300920748,2.18,1,0,0,0,1,0.31600000000000006,0.22399999999999975,0.1479999999999997
50.4100022315979,323.0,0.0,0.0,362.0219498695675,2.184,0,0,0,0,0,,,
50.49643635749817,314.0,0.0,0.0,333.6185985968584,2.188,0,0,0,0,0,,,
50.59092903137207,313.0,0.0,0.0,311.305342860949,2.192,0,0,0,0,0,,,
50.67048501968384,315.0,0.0,0.0,303.8475349671309,2.196,0,0,1,0,0,,,
50.769694089889526,316.0,0.0,0.0,309.8861587407775,2.2,0,0,0,0,0,,,
50.86142134666443,317.0,0.0,0.0,322.0093887810832,2.204,0,0,0,0,0,,,
50.95651078224182,325.0,0.0,0.0,332.5168446870958,2.208,0,0,0,0,0,,,
51.054314851760864,344.0,0.0,0.0,336.813038298421,2.212,0,0,0,0,0,,,
51.15507531166077,339.0,0.0,0.0,334.3309860623649,2.216,0,0,0,0,0,,,
51.241143465042114,322.0,0.0,0.0,327.8028019162677,2.22,0,0,0,0,0,,,
51.33536458015442,318.0,0.0,0.0,321.1850606198012,2.224,0,0,0,0,0,,,
51.4296944141388,319.0,0.0,0.0,317.1913350477814,2.228,0,0,0,0,0,,,
51.5339834690094,318.0,0.0,0.0,316.11093220246,2.232,0,0,0,0,0,,,
51.62038946151733,317.0,0.0,0.0,316.5846715390828,2.236,0,0,0,0,0,,,
51.714921712875366,317.0,0.0,0.0,317.256778029088,2.24,0,0,0,0,0,,,
51.794137716293335,318.0,0.0,0.0,317.7705424925853,2.244,0,0,0,0,0,,,
51.8884174823761,317.0,0.0,0.0,318.5676303938772,2.248,0,0,0,0,0,,,
51.96750998497009,320.0,0.0,0.0,320.06610538563064,2.252,0,0,0,0,0,,,
52.06336569786072,322.0,0.0,0.0,322.1074680990415,2.256,0,0,0,0,0,,,
52.16270685195923,327.0,0.0,0.0,324.08451054461744,2.26,0,0,0,0,0,,,
52.25326824188232,323.0,0.0,0.0,325.4550475776046,2.264,0,0,0,0,0,,,
52.34670066833496,326.0,0.0,0.0,326.08180026861123,2.268,0,0,0,0,0,,,
52.42486119270325,327.0,0.0,0.0,326.1820450514498,2.272,0,0,0,0,0,,,
52.52047872543335,326.0,0.0,0.0,326.0926714486613,2.276,0,0,0,0,0,,,
52.61461901664734,326.0,0.0,0.0,326.0880054185084,2.28,0,0,0,0,0,,,
52.69783639907837,325.0,0.0,0.0,326.31000254963624,2.284,0,0,0,0,0,,,
52.78734111785889,329.0,0.0,0.0,326.79716066333634,2.288,0,0,0,0,0,,,
52.86699080467224,327.0,0.0,0.0,327.56307829423764,2.292,0,0,0,0,0,,,
52.96081519126892,328.0,0.0,0.0,328.6059343825788,2.296,0,0,0,0,0,,,
53.055742263793945,329.0,0.0,0.0,329.8067346619324,2.3,0,0,0,0,0,,,
53.15060329437256,332.0,0.0,0.0,330.8795805998793,2.304,0,0,0,0,0,,,
53.24483895301819,332.0,0.0,0.0,331.5320201735826,2.308,0,0,0,0,0,,,
53.3403422832489,331.0,0.0,0.0,331.7131045949118,2.312,0,0,0,0,0,,,
53.41882276535034,332.0,0.0,0.0,331.6650750861502,2.316,0,0,0,0,0,,,
53.51405620574951,332.0,0.0,0.0,331.68830206726835,2.32,0,0,0,0,0,,,
53.61188268661499,330.0,0.0,0.0,331.8427983500841,2.324,0,0,0,0,0,,,
53.70996427536011,332.0,0.0,0.0,331.9216053729266,2.328,0,0,0,0,0,,,
53.79811763763428,334.0,0.0,0.0,331.8097886615563,2.332,0,0,0,0,0,,,
53.88742685317993,333.0,0.0,0.0,331.86822867577774,2.336,0,0,0,0,0,,,
53.98415160179138,332.0,0.0,0.0,332.7032786148142,2.34,0,0,0,0,0,,,
54.068777084350586,332.0,0.0,0.0,334.1799692366911,2.344,0,0,0,1,0,,,
54.1635308265686,332.0,0.0,0.0,334.64229919628184,2.348,0,0,0,0,0,,,
54.23974251747131,327.0,0.0,0.0,331.8318560880346,2.352,0,0,0,0,0,,,
54.33388137817383,338.0,0.0,0.0,325.75935708766985,2.356,0,0,0,0,0,,,
54.42854690551758,329.0,0.0,0.0,321.11259182539413,2.36,0,1,0,0,0,,,
54.52277731895447,328.0,0.0,0.0,325.3029658180228,2.364,0,0,0,0,0,,,
54.61774849891663,330.0,0.0,0.0,341.2971591519065,2.368,0,0,0,0,0,,,
54.712512493133545,269.0,0.0,0.0,361.29450238009616,2.372,0,0,0,0,0,,,
54.80686092376709,527.0,0.0,0.0,370.0828921754901,2.376,1,0,0,0,1,0.19599999999999973,0.1200000000000001,0.08800000000000008
54.90162086486816,310.0,0.0,0.0,357.91557161745584,2.38,0,0,0,0,0,,,
54.9803946018219,298.0,0.0,0.0,330.10171564029275,2.384,0,0,0,0,0,,,
55.07446336746216,300.0,0.0,0.0,302.53933805711387,2.388,0,0,0,0,0,,,
55.177783489227295,300.0,0.0,0.0,288.5874048216692,2.392,0,0,1,0,0,,,
55.26463675498962,300.0,0.0,0.0,290.9582462099811,2.396,0,0,0,0,0,,,
55.35849690437317,302.0,0.0,0.0,303.64798961444626,2.4,0,0,0,0,0,,,
55.45316982269287,312.0,0.0,0.0,318.23308495650326,2.404,0,0,0,0,0,,,
55.53262495994568,325.0,0.0,0.0,328.34708134540097,2.408,0,0,0,0,0,,,
55.63527178764343,341.0,0.0,0.0,331.26095756250714,2.412,0,0,0,0,0,,,
55.72334051132202,327.0,0.0,0.0,327.9293574137237,2.416,0,0,0,0,0,,,
55.817161321640015,318.0,0.0,0.0,321.9241345617433,2.42,0,0,0,0,0,,,
55.911921977996826,316.0,0.0,0.0,317.1846842026013,2.424,0,0,0,0,0,,,
55.99117708206177,314.0,0.0,0.0,315.70372042223033,2.428,0,0,0,0,0,,,
56.08631610870361,321.0,0.0,0.0,316.8735214353053,2.432,0,0,0,0,0,,,
56.18112921714783,321.0,0.0,0.0,318.83331874001675,2.436,0,0,0,0,0,,,
56.26080775260925,318.0,0.0,0.0,320.33125917615666,2.44,0,0,0,0,0,,,
56.36025047302246,320.0,0.0,0.0,321.4349036763985,2.444,0,0,0,0,0,,,
56.45195770263672,323.0,0.0,0.0,322.86487826232457,2.448,0,0,0,0,0,,,
56.54612016677856,326.0,0.0,0.0,325.0028159490578,2.452,0,0,0,0,0,,,
56.643563985824585,327.0,0.0,0.0,327.5391242435549,2.456,0,0,0,0,0,,,
56.72006487846375,330.0,0.0,0.0,329.8277506369816,2.46,0,0,0,0,0,,,
56.81555151939392,333.0,0.0,0.0,331.42264877070875,2.464,0,0,0,0,0,,,
56.9089298248291,330.0,0.0,0.0,332.31772328649345,2.468,0,0,0,0,0,,,
57.00321054458618,334.0,0.0,0.0,332.78384285296994,2.472,0,0,0,0,0,,,
57.09907078742981,332.0,0.0,0.0,333.04322881623364,2.476,0,0,0,0,0,,,
57.178659200668335,334.0,0.0,0.0,333.10402557118056,2.48,0,0,0,1,0,,,
57.28816080093384,333.0,0.0,0.0,332.85926697483444,2.484,0,0,0,0,0,,,
57.36839270591736,332.0,0.0,0.0,332.2862021635968,2.488,0,0,0,0,0,,,
57.462297677993774,331.0,0.0,0.0,331.5340935965398,2.492,0,0,0,0,0,,,
57.57184195518494,332.0,0.0,0.0,330.8399527010977,2.496,0,0,0,0,0,,,
57.6657497882843,330.0,0.0,0.0,330.346667060773,2.5,0,0,0,0,0,,,
57.760737657547,329.0,0.0,0.0,329.9369070313355,2.504,0,0,0,0,0,,,
57.85539174079895,329.0,0.0,0.0,329.2310828406389,2.508,0,0,0,0,0,,,
57.950011014938354,329.0,0.0,0.0,327.8885974586703,2.512,0,0,0,0,0,,,
58.04515218734741,325.0,0.0,0.0,326.1215668182384,2.516,0,0,0,0,0,,,
58.13970685005188,328.0,0.0,0.0,324.9561826426731,2.52,0,0,0,0,0,,,
58.218878984451294,327.0,0.0,0.0,325.66771359773264,2.524,0,0,0,0,0,,,
58.31380486488342,324.0,0.0,0.0,328.3635189294094,2.528,0,0,0,0,0,,,
58.40811109542847,326.0,0.0,0.0,330.8351135503541,2.532,0,0,0,0,0,,,
58.50278282165527,326.0,0.0,0.0,329.54123601017005,2.536,0,0,0,0,0,,,
58.61400127410889,337.0,0.0,0.0,323.3039357613643,2.54,0,0,0,0,0,,,
58.70888590812683,325.0,0.0,0.0,316.91438602555047,2.544,0,1,0,0,0,,,
58.7882604598999,325.0,0.0,0.0,319.6171178084647,2.548,0,0,0,0,0,,,
58.88228178024292,327.0,0.0,0.0,336.7749194034336,2.552,0,0,0,0,0,,,
58.976595878601074,250.0,0.0,0.0,361.4049837496995,2.556,0,0,0,0,0,,,
59.07224702835083,549.0,0.0,0.0,376.4472474461919,2.56,1,0,0,0,0,0.18400000000000016,0.03200000000000003,0.0
59.165950298309326,326.0,0.0,0.0,369.0355487921115,2.564,0,0,0,0,0,,,
59.26122784614563,308.0,0.0,0.0,342.71859081794065,2.568,0,0,0,0,0,,,
59.35636425018311,305.0,0.0,0.0,314.032708470814,2.572,0,0,0,0,0,,,
59.45121622085571,308.0,0.0,0.0,297.9600883851361,2.576,0,0,1,1,0,,,
59.54540944099426,310.0,0.0,0.0,298.0980448435395,2.58,0,0,0,0,0,,,
59.64574193954468,311.0,0.0,0.0,308.7123463016565,2.584,0,0,0,0,0,,,
59.734626054763794,317.0,0.0,0.0,322.4630091935866,2.588,0,0,0,0,0,,,
59.82934641838074,331.0,0.0,0.0,335.38481263051693,2.592,0,0,0,0,0,,,
59.92428803443909,347.0,0.0,0.0,347.0598903855422,2.596,0,0,0,0,0,,,
